Id,FirstName,LastName,Email,Phone,AccountId,Title
003xx000001AAAAAA,John,Doe,john.doe@acme.com,555-0101,001xx000003DGbQAAW,CEO
003xx000001AAAAAB,Jane,Smith,jane.smith@acme.com,555-0102,001xx000003DGbQAAW,CTO
003xx000001AAAAAC,Bob,Johnson,bob.johnson@globalind.com,555-0201,001xx000003DGbRAAW,VP Sales
003xx000001AAAAAD,Alice,Williams,alice.w@techinov.com,555-0301,001xx000003DGbSAAW,Developer
003xx000001AAAAAE,Charlie,Brown,charlie.b@retailgiants.com,555-0401,001xx000003DGbTAAW,Manager
003xx000001AAAAAF,Diana,Prince,diana.p@healthsol.com,555-0501,001xx000003DGbUAAW,Director
003xx000001AAAAAG,Eve,Anderson,eve.a@energycorp.com,555-0601,001xx000003DGbVAAW,Engineer
003xx000001AAAAAH,Frank,Miller,frank.m@finservices.com,555-0701,001xx000003DGbWAAW,Analyst
003xx000001AAAAAI,Grace,Lee,grace.l@telecomplus.com,555-0801,001xx000003DGbXAAW,Specialist
003xx000001AAAAAJ,Henry,Wilson,henry.w@constructco.com,555-0901,001xx000003DGbYAAW,Architect
